Top pages,Clicks,Impressions,CTR,Position
https://wtkpro.site/blog/decode-jwt-without-library/,0,8,0%,4.88
https://wtkpro.site/blog/how-to-fix-common-json-errors/,0,6,0%,6.83
https://wtkpro.site/blog/,0,2,0%,4.5
https://wtkpro.site/,0,2,0%,48.5
https://wtkpro.site/terms/,0,1,0%,1
https://wtkpro.site/author/,0,1,0%,3
https://wtkpro.site/tools/,0,1,0%,4
https://wtkpro.site/about/,0,1,0%,6
https://wtkpro.site/disclaimer/,0,1,0%,7
https://wtkpro.site/contact/,0,1,0%,8
https://wtkpro.site/ai-visibility/,0,1,0%,9
https://wtkpro.site/submit-tool/,0,1,0%,10
https://wtkpro.site/blog/20-must-know-regex-patterns/,0,1,0%,61
https://wtkpro.site/blog/excel-vs-google-sheets-json/,0,1,0%,62
https://wtkpro.site/blog/json-to-csv-converters-compared/,0,1,0%,63
https://wtkpro.site/blog/favicon-sizes-complete-guide-2026/,0,1,0%,64
https://wtkpro.site/blog/what-is-json-complete-guide/,0,1,0%,65
https://wtkpro.site/blog/best-diff-checker-tools-2026/,0,1,0%,66
https://wtkpro.site/blog/301-vs-302-vs-307-redirects/,0,1,0%,67